data/shakecam/shakeshack-1500828718.jpg,0
data/shakecam/shakeshack-1500833929.jpg,27
data/shakecam/shakeshack-1500833981.jpg,17
data/shakecam/shakeshack-1500834208.jpg,20
data/shakecam/shakeshack-1500834810.jpg,18
data/shakecam/shakeshack-1500835110.jpg,30
data/shakecam/shakeshack-1500835411.jpg,29
data/shakecam/shakeshack-1500835712.jpg,28
data/shakecam/shakeshack-1500836012.jpg,29
data/shakecam/shakeshack-1500836313.jpg,26
data/shakecam/shakeshack-1500836614.jpg,22
data/shakecam/shakeshack-1500836914.jpg,18
data/shakecam/shakeshack-1500837215.jpg,14
data/shakecam/shakeshack-1500837515.jpg,14
data/shakecam/shakeshack-1500837816.jpg,20
data/shakecam/shakeshack-1500838117.jpg,6
data/shakecam/shakeshack-1500838417.jpg,8
data/shakecam/shakeshack-1500838718.jpg,9
data/shakecam/shakeshack-1500839018.jpg,29
data/shakecam/shakeshack-1500839319.jpg,22
data/shakecam/shakeshack-1500839619.jpg,13
data/shakecam/shakeshack-1500839920.jpg,16
data/shakecam/shakeshack-1500840221.jpg,12
data/shakecam/shakeshack-1500840522.jpg,19
data/shakecam/shakeshack-1500840823.jpg,13
data/shakecam/shakeshack-1500841123.jpg,14
data/shakecam/shakeshack-1500841424.jpg,8
data/shakecam/shakeshack-1500841725.jpg,1
data/shakecam/shakeshack-1500842025.jpg,8
data/shakecam/shakeshack-1500842326.jpg,6
data/shakecam/shakeshack-1500842627.jpg,3
data/shakecam/shakeshack-1500842927.jpg,4
data/shakecam/shakeshack-1500843228.jpg,31
data/shakecam/shakeshack-1500843529.jpg,29
data/shakecam/shakeshack-1500843830.jpg,16
data/shakecam/shakeshack-1500844131.jpg,4
data/shakecam/shakeshack-1500844432.jpg,0
data/shakecam/shakeshack-1500844732.jpg,2
data/shakecam/shakeshack-1500845033.jpg,5
data/shakecam/shakeshack-1500845333.jpg,12
data/shakecam/shakeshack-1500845634.jpg,8
data/shakecam/shakeshack-1500845934.jpg,5
data/shakecam/shakeshack-1500846235.jpg,8
data/shakecam/shakeshack-1500846536.jpg,15
data/shakecam/shakeshack-1500846836.jpg,8
data/shakecam/shakeshack-1500847137.jpg,16
data/shakecam/shakeshack-1500847437.jpg,28
data/shakecam/shakeshack-1500847738.jpg,29
data/shakecam/shakeshack-1500848039.jpg,33
data/shakecam/shakeshack-1500848339.jpg,35
data/shakecam/shakeshack-1500848940.jpg,34
data/shakecam/shakeshack-1500849241.jpg,50
data/shakecam/shakeshack-1500849542.jpg,32
data/shakecam/shakeshack-1500849843.jpg,25
data/shakecam/shakeshack-1500850143.jpg,24
data/shakecam/shakeshack-1500850444.jpg,26
data/shakecam/shakeshack-1500850744.jpg,12
data/shakecam/shakeshack-1500851045.jpg,24
data/shakecam/shakeshack-1500851346.jpg,30
data/shakecam/shakeshack-1500851646.jpg,35
data/shakecam/shakeshack-1500851947.jpg,26
data/shakecam/shakeshack-1500852248.jpg,23
data/shakecam/shakeshack-1500852548.jpg,65
data/shakecam/shakeshack-1500852849.jpg,34
data/shakecam/shakeshack-1500853149.jpg,32
data/shakecam/shakeshack-1500853751.jpg,32
data/shakecam/shakeshack-1500854051.jpg,32
data/shakecam/shakeshack-1500854352.jpg,34
data/shakecam/shakeshack-1500854652.jpg,40
data/shakecam/shakeshack-1500854953.jpg,23
data/shakecam/shakeshack-1500855254.jpg,24
data/shakecam/shakeshack-1500855554.jpg,26
data/shakecam/shakeshack-1500855855.jpg,30
data/shakecam/shakeshack-1500856156.jpg,22
data/shakecam/shakeshack-1500856456.jpg,27
data/shakecam/shakeshack-1500856757.jpg,36
data/shakecam/shakeshack-1500857059.jpg,25
data/shakecam/shakeshack-1500857359.jpg,29
data/shakecam/shakeshack-1500857660.jpg,28
data/shakecam/shakeshack-1500857960.jpg,20
data/shakecam/shakeshack-1500858261.jpg,13
data/shakecam/shakeshack-1500858562.jpg,15
data/shakecam/shakeshack-1500858862.jpg,2
data/shakecam/shakeshack-1500859164.jpg,6
data/shakecam/shakeshack-1500859464.jpg,9
data/shakecam/shakeshack-1500860066.jpg,6
data/shakecam/shakeshack-1500860368.jpg,0
data/shakecam/shakeshack-1500860669.jpg,0
data/shakecam/shakeshack-1500860970.jpg,8
data/shakecam/shakeshack-1500861571.jpg,6
data/shakecam/shakeshack-1500861871.jpg,2
data/shakecam/shakeshack-1500862173.jpg,3
data/shakecam/shakeshack-1500862473.jpg,7
data/shakecam/shakeshack-1500862774.jpg,0
data/shakecam/shakeshack-1500863074.jpg,3
data/shakecam/shakeshack-1500863375.jpg,0
data/shakecam/shakeshack-1500863676.jpg,0
data/shakecam/shakeshack-1500863976.jpg,0
data/shakecam/shakeshack-1500864277.jpg,0
data/shakecam/shakeshack-1500864578.jpg,0
data/shakecam/shakeshack-1500864878.jpg,1
data/shakecam/shakeshack-1500865179.jpg,1
data/shakecam/shakeshack-1500865479.jpg,0
data/shakecam/shakeshack-1500865780.jpg,0
data/shakecam/shakeshack-1500866081.jpg,0
data/shakecam/shakeshack-1500866381.jpg,0
data/shakecam/shakeshack-1500866682.jpg,0
data/shakecam/shakeshack-1500866983.jpg,0
data/shakecam/shakeshack-1500867283.jpg,0
data/shakecam/shakeshack-1500867584.jpg,0
data/shakecam/shakeshack-1500867884.jpg,0
data/shakecam/shakeshack-1500868185.jpg,0
data/shakecam/shakeshack-1500868786.jpg,0
data/shakecam/shakeshack-1500905168.jpg,0
data/shakecam/shakeshack-1500905469.jpg,0
data/shakecam/shakeshack-1500905769.jpg,0
data/shakecam/shakeshack-1500906070.jpg,0
data/shakecam/shakeshack-1500906370.jpg,0
data/shakecam/shakeshack-1500906671.jpg,0
data/shakecam/shakeshack-1500906972.jpg,0
data/shakecam/shakeshack-1500907273.jpg,0
data/shakecam/shakeshack-1500907573.jpg,0
data/shakecam/shakeshack-1500907874.jpg,0
data/shakecam/shakeshack-1500908175.jpg,1
data/shakecam/shakeshack-1500908475.jpg,0
data/shakecam/shakeshack-1500908777.jpg,0
data/shakecam/shakeshack-1500909078.jpg,0
data/shakecam/shakeshack-1500909378.jpg,0
data/shakecam/shakeshack-1500909679.jpg,0
data/shakecam/shakeshack-1500909980.jpg,1
data/shakecam/shakeshack-1500910281.jpg,2
data/shakecam/shakeshack-1500910581.jpg,0
data/shakecam/shakeshack-1500910882.jpg,0
data/shakecam/shakeshack-1500911183.jpg,2
data/shakecam/shakeshack-1500911483.jpg,0
data/shakecam/shakeshack-1500911784.jpg,0
data/shakecam/shakeshack-1500912085.jpg,0
data/shakecam/shakeshack-1500912390.jpg,2
data/shakecam/shakeshack-1500912690.jpg,1
data/shakecam/shakeshack-1500912991.jpg,4
data/shakecam/shakeshack-1500913292.jpg,1
data/shakecam/shakeshack-1500913592.jpg,2
data/shakecam/shakeshack-1500913893.jpg,3
data/shakecam/shakeshack-1500914194.jpg,1
data/shakecam/shakeshack-1500914494.jpg,5
data/shakecam/shakeshack-1500914795.jpg,0
data/shakecam/shakeshack-1500915095.jpg,9
data/shakecam/shakeshack-1500915396.jpg,4
data/shakecam/shakeshack-1500915697.jpg,0
data/shakecam/shakeshack-1500915997.jpg,5
data/shakecam/shakeshack-1500916298.jpg,9
data/shakecam/shakeshack-1500916599.jpg,6
data/shakecam/shakeshack-1500916899.jpg,1
data/shakecam/shakeshack-1500917200.jpg,8
data/shakecam/shakeshack-1500917500.jpg,1
data/shakecam/shakeshack-1500917801.jpg,2
data/shakecam/shakeshack-1500918102.jpg,2
data/shakecam/shakeshack-1500918403.jpg,2
data/shakecam/shakeshack-1500919004.jpg,7
data/shakecam/shakeshack-1500919305.jpg,1
data/shakecam/shakeshack-1500919605.jpg,7
data/shakecam/shakeshack-1500919906.jpg,5
data/shakecam/shakeshack-1500920207.jpg,2
data/shakecam/shakeshack-1500920507.jpg,4
data/shakecam/shakeshack-1500920808.jpg,6
data/shakecam/shakeshack-1500921109.jpg,7
data/shakecam/shakeshack-1500921409.jpg,8
data/shakecam/shakeshack-1500921710.jpg,4
data/shakecam/shakeshack-1500922011.jpg,2
data/shakecam/shakeshack-1500922311.jpg,3
data/shakecam/shakeshack-1500922612.jpg,9
data/shakecam/shakeshack-1500922913.jpg,0
data/shakecam/shakeshack-1500923213.jpg,4
data/shakecam/shakeshack-1500923515.jpg,2
data/shakecam/shakeshack-1500923815.jpg,1
data/shakecam/shakeshack-1500924116.jpg,0
data/shakecam/shakeshack-1500924417.jpg,8
data/shakecam/shakeshack-1500924717.jpg,9
data/shakecam/shakeshack-1500925018.jpg,3
data/shakecam/shakeshack-1500925319.jpg,5
data/shakecam/shakeshack-1500925619.jpg,11
data/shakecam/shakeshack-1500925920.jpg,6
data/shakecam/shakeshack-1500926221.jpg,4
data/shakecam/shakeshack-1500926521.jpg,7
data/shakecam/shakeshack-1500926822.jpg,0
data/shakecam/shakeshack-1500927124.jpg,9
data/shakecam/shakeshack-1500927425.jpg,2
data/shakecam/shakeshack-1500927726.jpg,2
data/shakecam/shakeshack-1500928026.jpg,1
data/shakecam/shakeshack-1500928327.jpg,18
data/shakecam/shakeshack-1500928627.jpg,9
data/shakecam/shakeshack-1500928928.jpg,7
data/shakecam/shakeshack-1500929229.jpg,2
data/shakecam/shakeshack-1500929529.jpg,0
data/shakecam/shakeshack-1500929830.jpg,0
data/shakecam/shakeshack-1500930131.jpg,5
data/shakecam/shakeshack-1500930431.jpg,4
data/shakecam/shakeshack-1500930732.jpg,8
data/shakecam/shakeshack-1500931033.jpg,1
data/shakecam/shakeshack-1500931333.jpg,5
data/shakecam/shakeshack-1500931634.jpg,7
data/shakecam/shakeshack-1500931935.jpg,1
data/shakecam/shakeshack-1500932236.jpg,0
data/shakecam/shakeshack-1500932536.jpg,20
data/shakecam/shakeshack-1500932837.jpg,25
data/shakecam/shakeshack-1500933138.jpg,18
data/shakecam/shakeshack-1500933439.jpg,9
data/shakecam/shakeshack-1500933740.jpg,2
data/shakecam/shakeshack-1500934041.jpg,13
data/shakecam/shakeshack-1500934342.jpg,9
data/shakecam/shakeshack-1500934643.jpg,3
data/shakecam/shakeshack-1500934944.jpg,5
data/shakecam/shakeshack-1500935545.jpg,14
data/shakecam/shakeshack-1500935845.jpg,20
data/shakecam/shakeshack-1500936146.jpg,19
data/shakecam/shakeshack-1500936447.jpg,20
data/shakecam/shakeshack-1500936748.jpg,11
data/shakecam/shakeshack-1500937048.jpg,7
data/shakecam/shakeshack-1500937349.jpg,9
data/shakecam/shakeshack-1500937649.jpg,2
data/shakecam/shakeshack-1500938251.jpg,3
data/shakecam/shakeshack-1500938552.jpg,17
data/shakecam/shakeshack-1500938855.jpg,20
data/shakecam/shakeshack-1500939156.jpg,20
data/shakecam/shakeshack-1500939456.jpg,18
data/shakecam/shakeshack-1500939757.jpg,16
data/shakecam/shakeshack-1500940059.jpg,17
data/shakecam/shakeshack-1500940359.jpg,10
data/shakecam/shakeshack-1500940660.jpg,5
data/shakecam/shakeshack-1500940961.jpg,15
data/shakecam/shakeshack-1500941262.jpg,6
data/shakecam/shakeshack-1500941563.jpg,3
data/shakecam/shakeshack-1500941863.jpg,11
data/shakecam/shakeshack-1500942164.jpg,6
data/shakecam/shakeshack-1500942464.jpg,5
data/shakecam/shakeshack-1500942766.jpg,1
data/shakecam/shakeshack-1500943067.jpg,3
data/shakecam/shakeshack-1500943368.jpg,6
data/shakecam/shakeshack-1500943668.jpg,7
data/shakecam/shakeshack-1500943969.jpg,0
data/shakecam/shakeshack-1500944270.jpg,0
data/shakecam/shakeshack-1500944871.jpg,8
data/shakecam/shakeshack-1500945172.jpg,7
data/shakecam/shakeshack-1500945472.jpg,15
data/shakecam/shakeshack-1500945773.jpg,5
data/shakecam/shakeshack-1500946075.jpg,6
data/shakecam/shakeshack-1500946375.jpg,6
data/shakecam/shakeshack-1500946676.jpg,2
data/shakecam/shakeshack-1500946977.jpg,12
data/shakecam/shakeshack-1500947278.jpg,3
data/shakecam/shakeshack-1500947578.jpg,4
data/shakecam/shakeshack-1500947879.jpg,6
data/shakecam/shakeshack-1500948179.jpg,1
data/shakecam/shakeshack-1500948780.jpg,6
data/shakecam/shakeshack-1500949081.jpg,5
data/shakecam/shakeshack-1500949382.jpg,5
data/shakecam/shakeshack-1500949682.jpg,1
data/shakecam/shakeshack-1500949983.jpg,9
data/shakecam/shakeshack-1500950283.jpg,6
data/shakecam/shakeshack-1500950584.jpg,2
data/shakecam/shakeshack-1500950885.jpg,0
data/shakecam/shakeshack-1500951185.jpg,0
data/shakecam/shakeshack-1500951486.jpg,3
data/shakecam/shakeshack-1500951787.jpg,1
data/shakecam/shakeshack-1500952087.jpg,0
data/shakecam/shakeshack-1500952388.jpg,0
data/shakecam/shakeshack-1500952690.jpg,0
data/shakecam/shakeshack-1500952992.jpg,0
data/shakecam/shakeshack-1500953292.jpg,0
data/shakecam/shakeshack-1500953593.jpg,0
data/shakecam/shakeshack-1500953893.jpg,0
data/shakecam/shakeshack-1500954194.jpg,0
data/shakecam/shakeshack-1500954495.jpg,0
data/shakecam/shakeshack-1500954796.jpg,0
data/shakecam/shakeshack-1500955097.jpg,0
data/shakecam/shakeshack-1500991200.jpg,1
data/shakecam/shakeshack-1500991501.jpg,0
data/shakecam/shakeshack-1500991802.jpg,1
data/shakecam/shakeshack-1500992103.jpg,0
data/shakecam/shakeshack-1500992403.jpg,2
data/shakecam/shakeshack-1500992704.jpg,0
data/shakecam/shakeshack-1500993005.jpg,0
data/shakecam/shakeshack-1500993306.jpg,1
data/shakecam/shakeshack-1500993606.jpg,0
data/shakecam/shakeshack-1500994208.jpg,0
data/shakecam/shakeshack-1500994508.jpg,0
data/shakecam/shakeshack-1500994809.jpg,0
data/shakecam/shakeshack-1500995110.jpg,1
data/shakecam/shakeshack-1500995411.jpg,4
data/shakecam/shakeshack-1500995711.jpg,1
data/shakecam/shakeshack-1500996012.jpg,4
data/shakecam/shakeshack-1500996312.jpg,10
data/shakecam/shakeshack-1500996613.jpg,12
data/shakecam/shakeshack-1500996914.jpg,9
data/shakecam/shakeshack-1500997214.jpg,2
data/shakecam/shakeshack-1500997515.jpg,3
data/shakecam/shakeshack-1500997816.jpg,0
data/shakecam/shakeshack-1500998117.jpg,7
data/shakecam/shakeshack-1500998417.jpg,12
data/shakecam/shakeshack-1500998718.jpg,5
data/shakecam/shakeshack-1500999019.jpg,12
data/shakecam/shakeshack-1500999319.jpg,20
data/shakecam/shakeshack-1500999620.jpg,18
data/shakecam/shakeshack-1500999922.jpg,21
data/shakecam/shakeshack-1501000222.jpg,8
data/shakecam/shakeshack-1501000523.jpg,26
data/shakecam/shakeshack-1501000824.jpg,31
data/shakecam/shakeshack-1501001125.jpg,50
data/shakecam/shakeshack-1501001426.jpg,44
data/shakecam/shakeshack-1501001727.jpg,40
data/shakecam/shakeshack-1501002028.jpg,24
data/shakecam/shakeshack-1501002329.jpg,38
data/shakecam/shakeshack-1501002630.jpg,45
data/shakecam/shakeshack-1501002930.jpg,38
data/shakecam/shakeshack-1501003231.jpg,42
data/shakecam/shakeshack-1501003531.jpg,34
data/shakecam/shakeshack-1501003832.jpg,45
data/shakecam/shakeshack-1501004133.jpg,55
data/shakecam/shakeshack-1501004433.jpg,33
data/shakecam/shakeshack-1501004734.jpg,34
data/shakecam/shakeshack-1501005035.jpg,36
data/shakecam/shakeshack-1501005337.jpg,34
data/shakecam/shakeshack-1501005637.jpg,55
data/shakecam/shakeshack-1501005938.jpg,40
data/shakecam/shakeshack-1501006239.jpg,21
data/shakecam/shakeshack-1501006540.jpg,25
data/shakecam/shakeshack-1501006840.jpg,17
data/shakecam/shakeshack-1501007143.jpg,9
data/shakecam/shakeshack-1501007443.jpg,10
data/shakecam/shakeshack-1501007744.jpg,9
data/shakecam/shakeshack-1501008045.jpg,6
data/shakecam/shakeshack-1501008345.jpg,5
data/shakecam/shakeshack-1501008646.jpg,13
data/shakecam/shakeshack-1501008947.jpg,16
data/shakecam/shakeshack-1501009248.jpg,8
data/shakecam/shakeshack-1501009548.jpg,9
data/shakecam/shakeshack-1501009849.jpg,1
data/shakecam/shakeshack-1501010149.jpg,3
data/shakecam/shakeshack-1501010450.jpg,2
data/shakecam/shakeshack-1501010751.jpg,0
data/shakecam/shakeshack-1501011052.jpg,2
data/shakecam/shakeshack-1501011352.jpg,4
data/shakecam/shakeshack-1501011653.jpg,11
data/shakecam/shakeshack-1501011953.jpg,18
data/shakecam/shakeshack-1501012254.jpg,2
data/shakecam/shakeshack-1501012555.jpg,0
data/shakecam/shakeshack-1501012856.jpg,10
data/shakecam/shakeshack-1501013157.jpg,8
data/shakecam/shakeshack-1501013457.jpg,6
data/shakecam/shakeshack-1501013758.jpg,4
data/shakecam/shakeshack-1501014659.jpg,1
data/shakecam/shakeshack-1501014962.jpg,5
data/shakecam/shakeshack-1501015263.jpg,9
data/shakecam/shakeshack-1501015564.jpg,6
data/shakecam/shakeshack-1501015864.jpg,18
data/shakecam/shakeshack-1501016165.jpg,26
data/shakecam/shakeshack-1501016467.jpg,24
data/shakecam/shakeshack-1501016770.jpg,18
data/shakecam/shakeshack-1501017070.jpg,7
data/shakecam/shakeshack-1501017371.jpg,12
data/shakecam/shakeshack-1501017671.jpg,1
data/shakecam/shakeshack-1501017972.jpg,5
data/shakecam/shakeshack-1501018273.jpg,5
data/shakecam/shakeshack-1501018573.jpg,8
data/shakecam/shakeshack-1501018874.jpg,1
data/shakecam/shakeshack-1501019175.jpg,16
data/shakecam/shakeshack-1501019475.jpg,29
data/shakecam/shakeshack-1501019777.jpg,25
data/shakecam/shakeshack-1501020077.jpg,25
data/shakecam/shakeshack-1501020378.jpg,27
data/shakecam/shakeshack-1501020679.jpg,17
data/shakecam/shakeshack-1501020980.jpg,40
data/shakecam/shakeshack-1501021280.jpg,35
data/shakecam/shakeshack-1501021581.jpg,24
data/shakecam/shakeshack-1501021882.jpg,35
data/shakecam/shakeshack-1501022184.jpg,19
data/shakecam/shakeshack-1501022484.jpg,25
data/shakecam/shakeshack-1501022785.jpg,11
data/shakecam/shakeshack-1501023085.jpg,12
data/shakecam/shakeshack-1501023387.jpg,19
data/shakecam/shakeshack-1501023688.jpg,23
data/shakecam/shakeshack-1501023988.jpg,18
data/shakecam/shakeshack-1501024590.jpg,38
data/shakecam/shakeshack-1501024890.jpg,42
data/shakecam/shakeshack-1501025191.jpg,52
data/shakecam/shakeshack-1501025492.jpg,45
data/shakecam/shakeshack-1501025792.jpg,50
data/shakecam/shakeshack-1501026695.jpg,52
data/shakecam/shakeshack-1501026995.jpg,35
data/shakecam/shakeshack-1501027296.jpg,53
data/shakecam/shakeshack-1501027597.jpg,66
data/shakecam/shakeshack-1501027897.jpg,58
data/shakecam/shakeshack-1501028198.jpg,56
data/shakecam/shakeshack-1501028500.jpg,47
data/shakecam/shakeshack-1501028801.jpg,42
data/shakecam/shakeshack-1501029101.jpg,37
data/shakecam/shakeshack-1501029403.jpg,44
data/shakecam/shakeshack-1501029704.jpg,42
data/shakecam/shakeshack-1501030004.jpg,34
data/shakecam/shakeshack-1501030305.jpg,35
data/shakecam/shakeshack-1501030606.jpg,36
data/shakecam/shakeshack-1501030906.jpg,70
data/shakecam/shakeshack-1501031207.jpg,33
data/shakecam/shakeshack-1501031508.jpg,22
data/shakecam/shakeshack-1501031808.jpg,25
data/shakecam/shakeshack-1501032410.jpg,13
data/shakecam/shakeshack-1501032711.jpg,10
data/shakecam/shakeshack-1501033012.jpg,20
data/shakecam/shakeshack-1501033312.jpg,23
data/shakecam/shakeshack-1501033613.jpg,15
data/shakecam/shakeshack-1501033914.jpg,7
data/shakecam/shakeshack-1501034214.jpg,8
data/shakecam/shakeshack-1501034515.jpg,3
data/shakecam/shakeshack-1501034815.jpg,2
data/shakecam/shakeshack-1501035116.jpg,2
data/shakecam/shakeshack-1501035417.jpg,10
data/shakecam/shakeshack-1501035718.jpg,12
data/shakecam/shakeshack-1501036019.jpg,6
data/shakecam/shakeshack-1501036319.jpg,0
data/shakecam/shakeshack-1501036620.jpg,2
data/shakecam/shakeshack-1501036921.jpg,8
data/shakecam/shakeshack-1501037221.jpg,11
data/shakecam/shakeshack-1501037523.jpg,8
data/shakecam/shakeshack-1501037823.jpg,17
data/shakecam/shakeshack-1501038124.jpg,6
data/shakecam/shakeshack-1501038425.jpg,0
data/shakecam/shakeshack-1501038725.jpg,0
data/shakecam/shakeshack-1501039026.jpg,0
data/shakecam/shakeshack-1501039327.jpg,00
data/shakecam/shakeshack-1501039629.jpg,0
data/shakecam/shakeshack-1501039930.jpg,0
data/shakecam/shakeshack-1501040230.jpg,0
data/shakecam/shakeshack-1501040531.jpg,0
data/shakecam/shakeshack-1501040832.jpg,0
data/shakecam/shakeshack-1501041133.jpg,0
data/shakecam/shakeshack-1501041434.jpg,0
data/shakecam/shakeshack-1501077829.jpg,0
data/shakecam/shakeshack-1501078130.jpg,0
data/shakecam/shakeshack-1501078431.jpg,0
data/shakecam/shakeshack-1501078732.jpg,2
data/shakecam/shakeshack-1501079033.jpg,1
data/shakecam/shakeshack-1501079333.jpg,1
data/shakecam/shakeshack-1501079935.jpg,0
data/shakecam/shakeshack-1501080236.jpg,5
data/shakecam/shakeshack-1501080537.jpg,5
data/shakecam/shakeshack-1501080838.jpg,0
data/shakecam/shakeshack-1501081138.jpg,0
data/shakecam/shakeshack-1501081439.jpg,2
data/shakecam/shakeshack-1501081740.jpg,7
data/shakecam/shakeshack-1501082040.jpg,10
data/shakecam/shakeshack-1501082341.jpg,2
data/shakecam/shakeshack-1501082942.jpg,6
data/shakecam/shakeshack-1501083243.jpg,14
data/shakecam/shakeshack-1501083544.jpg,28
data/shakecam/shakeshack-1501083844.jpg,28
data/shakecam/shakeshack-1501084145.jpg,16
data/shakecam/shakeshack-1501084446.jpg,20
data/shakecam/shakeshack-1501085047.jpg,26
data/shakecam/shakeshack-1501085348.jpg,30
data/shakecam/shakeshack-1501085649.jpg,23
data/shakecam/shakeshack-1501085950.jpg,34
data/shakecam/shakeshack-1501086251.jpg,26
data/shakecam/shakeshack-1501086551.jpg,37
data/shakecam/shakeshack-1501086852.jpg,37
data/shakecam/shakeshack-1501087153.jpg,45
data/shakecam/shakeshack-1501087454.jpg,49
data/shakecam/shakeshack-1501087754.jpg,44
data/shakecam/shakeshack-1501088055.jpg,42
data/shakecam/shakeshack-1501088355.jpg,41
data/shakecam/shakeshack-1501088656.jpg,30
data/shakecam/shakeshack-1501088957.jpg,26
data/shakecam/shakeshack-1501089257.jpg,56
data/shakecam/shakeshack-1501089558.jpg,30
data/shakecam/shakeshack-1501089860.jpg,22
data/shakecam/shakeshack-1501090160.jpg,18
data/shakecam/shakeshack-1501090461.jpg,54
data/shakecam/shakeshack-1501090761.jpg,18
data/shakecam/shakeshack-1501091363.jpg,16
data/shakecam/shakeshack-1501091665.jpg,11
data/shakecam/shakeshack-1501091966.jpg,2
data/shakecam/shakeshack-1501092266.jpg,16
data/shakecam/shakeshack-1501092567.jpg,15
data/shakecam/shakeshack-1501093168.jpg,34
data/shakecam/shakeshack-1501093469.jpg,37
data/shakecam/shakeshack-1501093769.jpg,32
data/shakecam/shakeshack-1501094070.jpg,33
data/shakecam/shakeshack-1501094371.jpg,21
data/shakecam/shakeshack-1501094672.jpg,15
data/shakecam/shakeshack-1501094972.jpg,30
data/shakecam/shakeshack-1501095273.jpg,15
data/shakecam/shakeshack-1501095574.jpg,13
data/shakecam/shakeshack-1501095875.jpg,7
data/shakecam/shakeshack-1501096176.jpg,20
data/shakecam/shakeshack-1501096476.jpg,20
data/shakecam/shakeshack-1501097078.jpg,16
data/shakecam/shakeshack-1501097380.jpg,22
data/shakecam/shakeshack-1501097681.jpg,28
data/shakecam/shakeshack-1501097982.jpg,15
data/shakecam/shakeshack-1501098282.jpg,17
data/shakecam/shakeshack-1501098583.jpg,19
data/shakecam/shakeshack-1501098883.jpg,17
data/shakecam/shakeshack-1501099184.jpg,12
data/shakecam/shakeshack-1501099484.jpg,9
data/shakecam/shakeshack-1501099786.jpg,9
data/shakecam/shakeshack-1501100087.jpg,19
data/shakecam/shakeshack-1501100387.jpg,14
data/shakecam/shakeshack-1501100988.jpg,11
data/shakecam/shakeshack-1501101289.jpg,15
data/shakecam/shakeshack-1501101589.jpg,3
data/shakecam/shakeshack-1501101890.jpg,14
data/shakecam/shakeshack-1501102191.jpg,14
data/shakecam/shakeshack-1501102492.jpg,7
data/shakecam/shakeshack-1501102792.jpg,2
data/shakecam/shakeshack-1501103093.jpg,9
data/shakecam/shakeshack-1501103394.jpg,20
data/shakecam/shakeshack-1501103695.jpg,15
data/shakecam/shakeshack-1501103995.jpg,14
data/shakecam/shakeshack-1501104296.jpg,25
data/shakecam/shakeshack-1501104597.jpg,25
data/shakecam/shakeshack-1501104898.jpg,13
data/shakecam/shakeshack-1501105198.jpg,13
data/shakecam/shakeshack-1501105499.jpg,10
data/shakecam/shakeshack-1501105800.jpg,12
data/shakecam/shakeshack-1501106101.jpg,9
data/shakecam/shakeshack-1501106401.jpg,4
data/shakecam/shakeshack-1501106704.jpg,16
data/shakecam/shakeshack-1501107004.jpg,18
data/shakecam/shakeshack-1501107305.jpg,28
data/shakecam/shakeshack-1501107606.jpg,34
data/shakecam/shakeshack-1501107907.jpg,42
data/shakecam/shakeshack-1501108208.jpg,56
data/shakecam/shakeshack-1501108809.jpg,62
data/shakecam/shakeshack-1501109110.jpg,57
data/shakecam/shakeshack-1501109410.jpg,38
data/shakecam/shakeshack-1501109714.jpg,47
data/shakecam/shakeshack-1501110015.jpg,52
data/shakecam/shakeshack-1501110316.jpg,46
data/shakecam/shakeshack-1501110617.jpg,32
data/shakecam/shakeshack-1501110918.jpg,46
data/shakecam/shakeshack-1501111219.jpg,42
data/shakecam/shakeshack-1501111519.jpg,67
data/shakecam/shakeshack-1501111820.jpg,54
data/shakecam/shakeshack-1501112121.jpg,63
data/shakecam/shakeshack-1501112422.jpg,53
data/shakecam/shakeshack-1501112722.jpg,56
data/shakecam/shakeshack-1501113023.jpg,34
data/shakecam/shakeshack-1501113323.jpg,23
data/shakecam/shakeshack-1501113624.jpg,21
data/shakecam/shakeshack-1501113925.jpg,15
data/shakecam/shakeshack-1501114226.jpg,24
data/shakecam/shakeshack-1501114527.jpg,42
data/shakecam/shakeshack-1501114827.jpg,52
data/shakecam/shakeshack-1501115128.jpg,37
data/shakecam/shakeshack-1501115429.jpg,45
data/shakecam/shakeshack-1501115731.jpg,47
data/shakecam/shakeshack-1501116032.jpg,28
data/shakecam/shakeshack-1501116332.jpg,42
data/shakecam/shakeshack-1501116633.jpg,22
data/shakecam/shakeshack-1501116933.jpg,50
data/shakecam/shakeshack-1501117234.jpg,58
data/shakecam/shakeshack-1501117535.jpg,46
data/shakecam/shakeshack-1501117836.jpg,58
data/shakecam/shakeshack-1501118136.jpg,70
data/shakecam/shakeshack-1501118437.jpg,52
data/shakecam/shakeshack-1501118738.jpg,58
data/shakecam/shakeshack-1501119038.jpg,54
data/shakecam/shakeshack-1501119339.jpg,44
data/shakecam/shakeshack-1501119639.jpg,45
data/shakecam/shakeshack-1501119940.jpg,23
data/shakecam/shakeshack-1501120240.jpg,21
data/shakecam/shakeshack-1501120541.jpg,22
data/shakecam/shakeshack-1501120841.jpg,12
data/shakecam/shakeshack-1501121142.jpg,6
data/shakecam/shakeshack-1501121443.jpg,4
data/shakecam/shakeshack-1501121743.jpg,4
data/shakecam/shakeshack-1501122044.jpg,14
data/shakecam/shakeshack-1501122345.jpg,1
data/shakecam/shakeshack-1501122645.jpg,2
data/shakecam/shakeshack-1501122947.jpg,3
data/shakecam/shakeshack-1501123247.jpg,2
data/shakecam/shakeshack-1501123548.jpg,5
data/shakecam/shakeshack-1501123849.jpg,0
data/shakecam/shakeshack-1501124149.jpg,0
data/shakecam/shakeshack-1501124450.jpg,3
data/shakecam/shakeshack-1501124750.jpg,0
data/shakecam/shakeshack-1501125051.jpg,0
data/shakecam/shakeshack-1501125352.jpg,0
data/shakecam/shakeshack-1501125652.jpg,0
data/shakecam/shakeshack-1501125953.jpg,0
data/shakecam/shakeshack-1501126254.jpg,0
data/shakecam/shakeshack-1501126554.jpg,0
data/shakecam/shakeshack-1501126855.jpg,0
data/shakecam/shakeshack-1501127157.jpg,0
data/shakecam/shakeshack-1501127458.jpg,0
data/shakecam/shakeshack-1501127758.jpg,0
data/shakecam/shakeshack-1501164145.jpg,0
data/shakecam/shakeshack-1501164446.jpg,1
data/shakecam/shakeshack-1501164747.jpg,0
data/shakecam/shakeshack-1501165047.jpg,0
data/shakecam/shakeshack-1501165348.jpg,4
data/shakecam/shakeshack-1501165648.jpg,1
data/shakecam/shakeshack-1501165949.jpg,0
data/shakecam/shakeshack-1501166250.jpg,1
data/shakecam/shakeshack-1501166550.jpg,5
data/shakecam/shakeshack-1501166851.jpg,4
data/shakecam/shakeshack-1501167152.jpg,0
data/shakecam/shakeshack-1501167452.jpg,7
data/shakecam/shakeshack-1501167753.jpg,5
data/shakecam/shakeshack-1501168053.jpg,4
data/shakecam/shakeshack-1501168354.jpg,0
data/shakecam/shakeshack-1501168655.jpg,4
data/shakecam/shakeshack-1501168955.jpg,11
data/shakecam/shakeshack-1501169256.jpg,15
data/shakecam/shakeshack-1501169857.jpg,8
data/shakecam/shakeshack-1501170158.jpg,14
data/shakecam/shakeshack-1501170459.jpg,20
data/shakecam/shakeshack-1501170760.jpg,25
data/shakecam/shakeshack-1501171060.jpg,23
data/shakecam/shakeshack-1501171361.jpg,20
data/shakecam/shakeshack-1501171662.jpg,35
data/shakecam/shakeshack-1501171963.jpg,43
data/shakecam/shakeshack-1501172264.jpg,59
data/shakecam/shakeshack-1501172565.jpg,13
data/shakecam/shakeshack-1501172866.jpg,52
data/shakecam/shakeshack-1501173167.jpg,25
data/shakecam/shakeshack-1501173468.jpg,64
data/shakecam/shakeshack-1501173768.jpg,60
data/shakecam/shakeshack-1501174069.jpg,13
data/shakecam/shakeshack-1501174370.jpg,66
data/shakecam/shakeshack-1501174671.jpg,60
data/shakecam/shakeshack-1501174971.jpg,38
data/shakecam/shakeshack-1501175272.jpg,54
data/shakecam/shakeshack-1501175572.jpg,62
data/shakecam/shakeshack-1501175873.jpg,62
data/shakecam/shakeshack-1501176174.jpg,48
data/shakecam/shakeshack-1501176474.jpg,42
data/shakecam/shakeshack-1501176775.jpg,38
data/shakecam/shakeshack-1501177076.jpg,28
data/shakecam/shakeshack-1501177377.jpg,38
data/shakecam/shakeshack-1501177678.jpg,38
data/shakecam/shakeshack-1501177979.jpg,65
data/shakecam/shakeshack-1501178280.jpg,39
data/shakecam/shakeshack-1501178580.jpg,42
data/shakecam/shakeshack-1501178881.jpg,46
data/shakecam/shakeshack-1501179182.jpg,51
data/shakecam/shakeshack-1501179783.jpg,36
data/shakecam/shakeshack-1501180083.jpg,22
data/shakecam/shakeshack-1501180385.jpg,18
data/shakecam/shakeshack-1501180685.jpg,17
data/shakecam/shakeshack-1501180986.jpg,14
data/shakecam/shakeshack-1501181588.jpg,3
data/shakecam/shakeshack-1501181889.jpg,8
data/shakecam/shakeshack-1501182189.jpg,6
data/shakecam/shakeshack-1501182490.jpg,4
data/shakecam/shakeshack-1501182791.jpg,5
data/shakecam/shakeshack-1501183092.jpg,9
data/shakecam/shakeshack-1501183393.jpg,13
data/shakecam/shakeshack-1501183694.jpg,8
data/shakecam/shakeshack-1501183994.jpg,14
data/shakecam/shakeshack-1501184295.jpg,10
data/shakecam/shakeshack-1501184596.jpg,16
data/shakecam/shakeshack-1501184896.jpg,14
data/shakecam/shakeshack-1501185197.jpg,5
data/shakecam/shakeshack-1501185498.jpg,1
data/shakecam/shakeshack-1501185799.jpg,3
data/shakecam/shakeshack-1501186099.jpg,0
data/shakecam/shakeshack-1501186400.jpg,2
data/shakecam/shakeshack-1501186701.jpg,2
data/shakecam/shakeshack-1501187002.jpg,8
data/shakecam/shakeshack-1501187603.jpg,23
data/shakecam/shakeshack-1501187904.jpg,20
data/shakecam/shakeshack-1501188204.jpg,17
data/shakecam/shakeshack-1501188505.jpg,24
data/shakecam/shakeshack-1501188807.jpg,20
data/shakecam/shakeshack-1501189108.jpg,14
data/shakecam/shakeshack-1501189408.jpg,11
data/shakecam/shakeshack-1501189710.jpg,12
data/shakecam/shakeshack-1501190313.jpg,3
data/shakecam/shakeshack-1501190614.jpg,10
data/shakecam/shakeshack-1501190915.jpg,20
data/shakecam/shakeshack-1501191218.jpg,14
data/shakecam/shakeshack-1501191518.jpg,10
data/shakecam/shakeshack-1501191819.jpg,14
data/shakecam/shakeshack-1501192120.jpg,17
data/shakecam/shakeshack-1501192420.jpg,4
data/shakecam/shakeshack-1501192721.jpg,15
data/shakecam/shakeshack-1501193022.jpg,5
data/shakecam/shakeshack-1501193624.jpg,12
data/shakecam/shakeshack-1501193924.jpg,25
data/shakecam/shakeshack-1501194225.jpg,21
data/shakecam/shakeshack-1501194527.jpg,17
data/shakecam/shakeshack-1501194827.jpg,9
data/shakecam/shakeshack-1501195128.jpg,17
data/shakecam/shakeshack-1501195428.jpg,22
data/shakecam/shakeshack-1501195729.jpg,15
data/shakecam/shakeshack-1501196030.jpg,13
data/shakecam/shakeshack-1501196330.jpg,24
data/shakecam/shakeshack-1501196631.jpg,20
data/shakecam/shakeshack-1501196932.jpg,23
data/shakecam/shakeshack-1501197534.jpg,26
data/shakecam/shakeshack-1501197834.jpg,17
data/shakecam/shakeshack-1501198135.jpg,19
data/shakecam/shakeshack-1501198436.jpg,22
data/shakecam/shakeshack-1501198736.jpg,26
data/shakecam/shakeshack-1501199037.jpg,23
data/shakecam/shakeshack-1501199337.jpg,26
data/shakecam/shakeshack-1501199638.jpg,20
data/shakecam/shakeshack-1501199939.jpg,27
data/shakecam/shakeshack-1501200240.jpg,28
data/shakecam/shakeshack-1501200540.jpg,22
data/shakecam/shakeshack-1501200841.jpg,28
data/shakecam/shakeshack-1501201142.jpg,25
data/shakecam/shakeshack-1501201442.jpg,38
data/shakecam/shakeshack-1501201743.jpg,33
data/shakecam/shakeshack-1501202043.jpg,24
data/shakecam/shakeshack-1501202344.jpg,21
data/shakecam/shakeshack-1501202645.jpg,18
data/shakecam/shakeshack-1501202946.jpg,24
data/shakecam/shakeshack-1501203246.jpg,12
data/shakecam/shakeshack-1501203547.jpg,24
data/shakecam/shakeshack-1501203848.jpg,23
data/shakecam/shakeshack-1501204148.jpg,32
data/shakecam/shakeshack-1501204449.jpg,24
data/shakecam/shakeshack-1501204750.jpg,28
data/shakecam/shakeshack-1501205050.jpg,31
data/shakecam/shakeshack-1501205351.jpg,26
data/shakecam/shakeshack-1501205652.jpg,21
data/shakecam/shakeshack-1501205952.jpg,18
data/shakecam/shakeshack-1501206253.jpg,22
data/shakecam/shakeshack-1501206554.jpg,21
data/shakecam/shakeshack-1501206855.jpg,30
data/shakecam/shakeshack-1501207155.jpg,39
data/shakecam/shakeshack-1501207455.jpg,24
data/shakecam/shakeshack-1501207756.jpg,18
data/shakecam/shakeshack-1501208057.jpg,20
data/shakecam/shakeshack-1501208358.jpg,20
data/shakecam/shakeshack-1501208658.jpg,18
data/shakecam/shakeshack-1501208959.jpg,13
data/shakecam/shakeshack-1501209259.jpg,9
data/shakecam/shakeshack-1501209560.jpg,4
data/shakecam/shakeshack-1501209861.jpg,6
data/shakecam/shakeshack-1501210161.jpg,2
data/shakecam/shakeshack-1501210462.jpg,8
data/shakecam/shakeshack-1501210763.jpg,10
data/shakecam/shakeshack-1501211064.jpg,1
data/shakecam/shakeshack-1501211364.jpg,0
data/shakecam/shakeshack-1501211665.jpg,0
data/shakecam/shakeshack-1501211966.jpg,0
data/shakecam/shakeshack-1501212267.jpg,0
data/shakecam/shakeshack-1501212568.jpg,0
data/shakecam/shakeshack-1501212868.jpg,0
data/shakecam/shakeshack-1501213169.jpg,0
data/shakecam/shakeshack-1501213470.jpg,0
data/shakecam/shakeshack-1501213770.jpg,0
data/shakecam/shakeshack-1501214071.jpg,0
data/shakecam/shakeshack-1501214372.jpg,0
data/shakecam/shakeshack-1501250469.jpg,2
data/shakecam/shakeshack-1501250770.jpg,0
data/shakecam/shakeshack-1501251071.jpg,0
data/shakecam/shakeshack-1501251371.jpg,0
data/shakecam/shakeshack-1501251672.jpg,0
data/shakecam/shakeshack-1501251973.jpg,2
data/shakecam/shakeshack-1501252273.jpg,0
data/shakecam/shakeshack-1501252574.jpg,1
data/shakecam/shakeshack-1501252875.jpg,0
data/shakecam/shakeshack-1501253175.jpg,0
data/shakecam/shakeshack-1501253476.jpg,0
data/shakecam/shakeshack-1501254077.jpg,3
data/shakecam/shakeshack-1501254377.jpg,3
data/shakecam/shakeshack-1501254678.jpg,1
data/shakecam/shakeshack-1501254979.jpg,0
data/shakecam/shakeshack-1501255279.jpg,5
data/shakecam/shakeshack-1501255580.jpg,6
data/shakecam/shakeshack-1501255881.jpg,8
data/shakecam/shakeshack-1501256482.jpg,21
data/shakecam/shakeshack-1501256783.jpg,18
data/shakecam/shakeshack-1501257084.jpg,3
data/shakecam/shakeshack-1501257384.jpg,7
data/shakecam/shakeshack-1501257685.jpg,27
data/shakecam/shakeshack-1501258287.jpg,38
data/shakecam/shakeshack-1501258587.jpg,10
data/shakecam/shakeshack-1501258888.jpg,42
data/shakecam/shakeshack-1501259188.jpg,54
data/shakecam/shakeshack-1501259489.jpg,48
data/shakecam/shakeshack-1501259790.jpg,60
data/shakecam/shakeshack-1501260090.jpg,32
data/shakecam/shakeshack-1501260391.jpg,35
data/shakecam/shakeshack-1501260692.jpg,58
data/shakecam/shakeshack-1501260992.jpg,75
data/shakecam/shakeshack-1501261293.jpg,52
data/shakecam/shakeshack-1501261594.jpg,48
data/shakecam/shakeshack-1501261894.jpg,46
data/shakecam/shakeshack-1501262195.jpg,46
data/shakecam/shakeshack-1501262496.jpg,35
data/shakecam/shakeshack-1501262796.jpg,53
data/shakecam/shakeshack-1501263097.jpg,38
data/shakecam/shakeshack-1501263397.jpg,49
data/shakecam/shakeshack-1501263698.jpg,22
data/shakecam/shakeshack-1501263999.jpg,42
data/shakecam/shakeshack-1501264300.jpg,49
data/shakecam/shakeshack-1501264600.jpg,45
data/shakecam/shakeshack-1501264901.jpg,54
data/shakecam/shakeshack-1501265201.jpg,43
data/shakecam/shakeshack-1501265802.jpg,40
data/shakecam/shakeshack-1501266103.jpg,27
data/shakecam/shakeshack-1501266404.jpg,48
data/shakecam/shakeshack-1501266704.jpg,45
data/shakecam/shakeshack-1501267005.jpg,56
data/shakecam/shakeshack-1501267305.jpg,46
data/shakecam/shakeshack-1501267606.jpg,40
data/shakecam/shakeshack-1501267907.jpg,44
data/shakecam/shakeshack-1501268208.jpg,44
data/shakecam/shakeshack-1501268508.jpg,36
data/shakecam/shakeshack-1501268809.jpg,42
data/shakecam/shakeshack-1501269110.jpg,38
data/shakecam/shakeshack-1501269410.jpg,16
data/shakecam/shakeshack-1501269711.jpg,42
data/shakecam/shakeshack-1501270012.jpg,33
data/shakecam/shakeshack-1501270312.jpg,32
data/shakecam/shakeshack-1501270613.jpg,21
data/shakecam/shakeshack-1501270914.jpg,21
data/shakecam/shakeshack-1501271214.jpg,2
data/shakecam/shakeshack-1501271515.jpg,15
data/shakecam/shakeshack-1501271815.jpg,12
data/shakecam/shakeshack-1501272116.jpg,8
data/shakecam/shakeshack-1501272417.jpg,11
data/shakecam/shakeshack-1501272717.jpg,13
data/shakecam/shakeshack-1501273018.jpg,11
data/shakecam/shakeshack-1501273318.jpg,13
data/shakecam/shakeshack-1501273619.jpg,5
data/shakecam/shakeshack-1501273920.jpg,8
data/shakecam/shakeshack-1501274221.jpg,7
data/shakecam/shakeshack-1501274521.jpg,18
data/shakecam/shakeshack-1501274823.jpg,4
data/shakecam/shakeshack-1501275124.jpg,0
data/shakecam/shakeshack-1501275424.jpg,4
data/shakecam/shakeshack-1501275725.jpg,12
data/shakecam/shakeshack-1501276026.jpg,26
data/shakecam/shakeshack-1501276326.jpg,23
data/shakecam/shakeshack-1501276627.jpg,9
data/shakecam/shakeshack-1501276928.jpg,9
data/shakecam/shakeshack-1501277228.jpg,8
data/shakecam/shakeshack-1501277529.jpg,40
data/shakecam/shakeshack-1501277829.jpg,23
data/shakecam/shakeshack-1501278130.jpg,21
data/shakecam/shakeshack-1501278430.jpg,28
data/shakecam/shakeshack-1501278731.jpg,38
data/shakecam/shakeshack-1501279032.jpg,26
data/shakecam/shakeshack-1501279332.jpg,27
data/shakecam/shakeshack-1501279633.jpg,29
data/shakecam/shakeshack-1501279934.jpg,16
data/shakecam/shakeshack-1501280234.jpg,15
data/shakecam/shakeshack-1501280535.jpg,16
data/shakecam/shakeshack-1501280836.jpg,28
data/shakecam/shakeshack-1501281137.jpg,36
data/shakecam/shakeshack-1501281437.jpg,29
data/shakecam/shakeshack-1501281738.jpg,48
data/shakecam/shakeshack-1501282039.jpg,45
data/shakecam/shakeshack-1501282339.jpg,34
data/shakecam/shakeshack-1501282640.jpg,40
data/shakecam/shakeshack-1501282940.jpg,38
data/shakecam/shakeshack-1501283241.jpg,17
data/shakecam/shakeshack-1501283541.jpg,18
data/shakecam/shakeshack-1501283842.jpg,15
data/shakecam/shakeshack-1501284143.jpg,17
data/shakecam/shakeshack-1501284443.jpg,6
data/shakecam/shakeshack-1501284744.jpg,19
data/shakecam/shakeshack-1501285044.jpg,31
data/shakecam/shakeshack-1501285345.jpg,25
data/shakecam/shakeshack-1501285646.jpg,42
data/shakecam/shakeshack-1501285946.jpg,24
data/shakecam/shakeshack-1501286247.jpg,29
data/shakecam/shakeshack-1501286547.jpg,22
data/shakecam/shakeshack-1501286848.jpg,17
data/shakecam/shakeshack-1501287149.jpg,17
data/shakecam/shakeshack-1501287451.jpg,20
data/shakecam/shakeshack-1501287752.jpg,17
data/shakecam/shakeshack-1501288052.jpg,7
data/shakecam/shakeshack-1501288353.jpg,23
data/shakecam/shakeshack-1501288654.jpg,32
data/shakecam/shakeshack-1501288954.jpg,35
data/shakecam/shakeshack-1501289255.jpg,36
data/shakecam/shakeshack-1501289555.jpg,46
data/shakecam/shakeshack-1501289857.jpg,50
data/shakecam/shakeshack-1501290157.jpg,56
data/shakecam/shakeshack-1501290458.jpg,53
data/shakecam/shakeshack-1501290759.jpg,39
data/shakecam/shakeshack-1501291060.jpg,27
data/shakecam/shakeshack-1501291361.jpg,34
data/shakecam/shakeshack-1501291661.jpg,44
data/shakecam/shakeshack-1501291962.jpg,49
data/shakecam/shakeshack-1501292263.jpg,65
data/shakecam/shakeshack-1501292563.jpg,40
data/shakecam/shakeshack-1501292864.jpg,43
data/shakecam/shakeshack-1501293165.jpg,36
data/shakecam/shakeshack-1501293466.jpg,40
data/shakecam/shakeshack-1501293766.jpg,16
data/shakecam/shakeshack-1501294066.jpg,10
data/shakecam/shakeshack-1501294367.jpg,12
data/shakecam/shakeshack-1501294667.jpg,14
data/shakecam/shakeshack-1501294968.jpg,5
data/shakecam/shakeshack-1501295269.jpg,6
data/shakecam/shakeshack-1501295570.jpg,0
data/shakecam/shakeshack-1501295870.jpg,7
data/shakecam/shakeshack-1501296171.jpg,0
data/shakecam/shakeshack-1501296471.jpg,3
data/shakecam/shakeshack-1501296772.jpg,0
data/shakecam/shakeshack-1501297072.jpg,1
data/shakecam/shakeshack-1501297373.jpg,0
data/shakecam/shakeshack-1501297674.jpg,0
data/shakecam/shakeshack-1501297974.jpg,0
data/shakecam/shakeshack-1501298276.jpg,0
data/shakecam/shakeshack-1501298577.jpg,0
data/shakecam/shakeshack-1501298878.jpg,0
data/shakecam/shakeshack-1501299179.jpg,0
data/shakecam/shakeshack-1501299479.jpg,2
data/shakecam/shakeshack-1501299780.jpg,0
data/shakecam/shakeshack-1501300081.jpg,0
data/shakecam/shakeshack-1501300382.jpg,0
data/shakecam/shakeshack-1501300683.jpg,0
data/shakecam/shakeshack-1501337066.jpg,0
data/shakecam/shakeshack-1501337366.jpg,1
data/shakecam/shakeshack-1501337667.jpg,3
data/shakecam/shakeshack-1501337968.jpg,7
data/shakecam/shakeshack-1501338268.jpg,0
data/shakecam/shakeshack-1501338569.jpg,0
data/shakecam/shakeshack-1501338870.jpg,1
data/shakecam/shakeshack-1501339170.jpg,0
data/shakecam/shakeshack-1501339471.jpg,3
data/shakecam/shakeshack-1501339772.jpg,2
data/shakecam/shakeshack-1501340072.jpg,1
data/shakecam/shakeshack-1501340373.jpg,1
data/shakecam/shakeshack-1501340673.jpg,13
data/shakecam/shakeshack-1501340974.jpg,7
data/shakecam/shakeshack-1501341275.jpg,14
data/shakecam/shakeshack-1501341575.jpg,9
data/shakecam/shakeshack-1501341876.jpg,18
data/shakecam/shakeshack-1501342177.jpg,14
data/shakecam/shakeshack-1501342478.jpg,21
data/shakecam/shakeshack-1501342778.jpg,22
data/shakecam/shakeshack-1501343079.jpg,22
data/shakecam/shakeshack-1501343380.jpg,20
data/shakecam/shakeshack-1501343680.jpg,15
data/shakecam/shakeshack-1501343981.jpg,19
data/shakecam/shakeshack-1501344281.jpg,12
data/shakecam/shakeshack-1501344582.jpg,22
data/shakecam/shakeshack-1501344883.jpg,7
data/shakecam/shakeshack-1501345183.jpg,18
data/shakecam/shakeshack-1501345484.jpg,13
data/shakecam/shakeshack-1501345785.jpg,20
data/shakecam/shakeshack-1501346086.jpg,14
data/shakecam/shakeshack-1501346387.jpg,26
data/shakecam/shakeshack-1501346688.jpg,31
data/shakecam/shakeshack-1501346989.jpg,26
data/shakecam/shakeshack-1501347289.jpg,40
data/shakecam/shakeshack-1501347590.jpg,32
data/shakecam/shakeshack-1501347890.jpg,38
data/shakecam/shakeshack-1501348492.jpg,53
data/shakecam/shakeshack-1501348792.jpg,58
data/shakecam/shakeshack-1501349093.jpg,60
data/shakecam/shakeshack-1501349394.jpg,43
data/shakecam/shakeshack-1501349695.jpg,21
data/shakecam/shakeshack-1501349995.jpg,48
data/shakecam/shakeshack-1501350296.jpg,70
data/shakecam/shakeshack-1501350597.jpg,40
data/shakecam/shakeshack-1501350897.jpg,32
data/shakecam/shakeshack-1501351198.jpg,39
data/shakecam/shakeshack-1501351499.jpg,42
data/shakecam/shakeshack-1501351799.jpg,26
data/shakecam/shakeshack-1501352100.jpg,75
data/shakecam/shakeshack-1501352400.jpg,43
data/shakecam/shakeshack-1501352701.jpg,42
data/shakecam/shakeshack-1501353002.jpg,36
data/shakecam/shakeshack-1501353302.jpg,36
data/shakecam/shakeshack-1501353603.jpg,30
data/shakecam/shakeshack-1501353904.jpg,29
data/shakecam/shakeshack-1501354205.jpg,44
data/shakecam/shakeshack-1501354806.jpg,18
data/shakecam/shakeshack-1501355107.jpg,27
data/shakecam/shakeshack-1501355407.jpg,30
data/shakecam/shakeshack-1501355708.jpg,28
data/shakecam/shakeshack-1501356008.jpg,36
data/shakecam/shakeshack-1501356309.jpg,43
data/shakecam/shakeshack-1501356609.jpg,38
data/shakecam/shakeshack-1501356910.jpg,36
data/shakecam/shakeshack-1501357212.jpg,40
data/shakecam/shakeshack-1501357513.jpg,28
data/shakecam/shakeshack-1501357814.jpg,31
data/shakecam/shakeshack-1501358116.jpg,33
data/shakecam/shakeshack-1501358416.jpg,35
data/shakecam/shakeshack-1501358717.jpg,34
data/shakecam/shakeshack-1501359017.jpg,35
data/shakecam/shakeshack-1501359318.jpg,22
data/shakecam/shakeshack-1501359619.jpg,18
data/shakecam/shakeshack-1501359919.jpg,21
data/shakecam/shakeshack-1501360220.jpg,18
data/shakecam/shakeshack-1501360522.jpg,133
data/shakecam/shakeshack-1501360522.jpg,18
data/shakecam/shakeshack-1501360822.jpg,6
data/shakecam/shakeshack-1501361123.jpg,2
data/shakecam/shakeshack-1501361423.jpg,3
data/shakecam/shakeshack-1501361724.jpg,16
data/shakecam/shakeshack-1501362025.jpg,14
data/shakecam/shakeshack-1501362325.jpg,9
data/shakecam/shakeshack-1501362626.jpg,30
data/shakecam/shakeshack-1501362927.jpg,19
data/shakecam/shakeshack-1501363227.jpg,28
data/shakecam/shakeshack-1501363528.jpg,34
data/shakecam/shakeshack-1501363828.jpg,35
data/shakecam/shakeshack-1501364129.jpg,38
data/shakecam/shakeshack-1501364430.jpg,43
data/shakecam/shakeshack-1501364730.jpg,34
data/shakecam/shakeshack-1501365031.jpg,36
data/shakecam/shakeshack-1501365332.jpg,34
data/shakecam/shakeshack-1501365632.jpg,34
data/shakecam/shakeshack-1501365933.jpg,24
data/shakecam/shakeshack-1501366233.jpg,18
data/shakecam/shakeshack-1501366535.jpg,18
data/shakecam/shakeshack-1501366835.jpg,25
data/shakecam/shakeshack-1501367136.jpg,23
data/shakecam/shakeshack-1501367437.jpg,21
data/shakecam/shakeshack-1501367739.jpg,27
data/shakecam/shakeshack-1501368039.jpg,24
data/shakecam/shakeshack-1501368340.jpg,14
data/shakecam/shakeshack-1501368641.jpg,11
data/shakecam/shakeshack-1501368941.jpg,31
data/shakecam/shakeshack-1501369242.jpg,26
data/shakecam/shakeshack-1501369543.jpg,21
data/shakecam/shakeshack-1501369843.jpg,25
data/shakecam/shakeshack-1501370144.jpg,24
data/shakecam/shakeshack-1501370445.jpg,26
data/shakecam/shakeshack-1501370745.jpg,23
data/shakecam/shakeshack-1501371046.jpg,28
data/shakecam/shakeshack-1501371347.jpg,24
data/shakecam/shakeshack-1501371647.jpg,32
data/shakecam/shakeshack-1501371948.jpg,47
data/shakecam/shakeshack-1501372248.jpg,31
data/shakecam/shakeshack-1501372549.jpg,28
data/shakecam/shakeshack-1501372849.jpg,45
data/shakecam/shakeshack-1501373150.jpg,41
data/shakecam/shakeshack-1501373451.jpg,58
data/shakecam/shakeshack-1501373752.jpg,50
data/shakecam/shakeshack-1501374353.jpg,44
data/shakecam/shakeshack-1501374654.jpg,43
data/shakecam/shakeshack-1501374954.jpg,38
data/shakecam/shakeshack-1501375255.jpg,38
data/shakecam/shakeshack-1501375556.jpg,34
data/shakecam/shakeshack-1501375856.jpg,40
data/shakecam/shakeshack-1501376157.jpg,42
data/shakecam/shakeshack-1501376458.jpg,36
data/shakecam/shakeshack-1501376761.jpg,28
data/shakecam/shakeshack-1501377061.jpg,36
data/shakecam/shakeshack-1501377362.jpg,44
data/shakecam/shakeshack-1501377663.jpg,38
data/shakecam/shakeshack-1501378264.jpg,39
data/shakecam/shakeshack-1501378564.jpg,35
data/shakecam/shakeshack-1501378865.jpg,22
data/shakecam/shakeshack-1501379166.jpg,29
data/shakecam/shakeshack-1501379466.jpg,25
data/shakecam/shakeshack-1501379767.jpg,11
data/shakecam/shakeshack-1501380067.jpg,18
data/shakecam/shakeshack-1501380368.jpg,7
data/shakecam/shakeshack-1501380669.jpg,3
data/shakecam/shakeshack-1501380969.jpg,2
data/shakecam/shakeshack-1501381270.jpg,6
data/shakecam/shakeshack-1501381571.jpg,7
data/shakecam/shakeshack-1501381872.jpg,18
data/shakecam/shakeshack-1501382172.jpg,3
data/shakecam/shakeshack-1501382473.jpg,2
data/shakecam/shakeshack-1501382774.jpg,6
data/shakecam/shakeshack-1501383074.jpg,5
data/shakecam/shakeshack-1501383375.jpg,0
data/shakecam/shakeshack-1501383675.jpg,0
data/shakecam/shakeshack-1501383976.jpg,0
data/shakecam/shakeshack-1501384277.jpg,0
data/shakecam/shakeshack-1501384577.jpg,0
data/shakecam/shakeshack-1501384878.jpg,0
data/shakecam/shakeshack-1501385179.jpg,0
data/shakecam/shakeshack-1501385480.jpg,0
data/shakecam/shakeshack-1501385780.jpg,0
data/shakecam/shakeshack-1501386081.jpg,0
data/shakecam/shakeshack-1501386381.jpg,0
data/shakecam/shakeshack-1501386682.jpg,0
data/shakecam/shakeshack-1501386983.jpg,0
data/shakecam/shakeshack-1501423366.jpg,1
data/shakecam/shakeshack-1501423667.jpg,1
data/shakecam/shakeshack-1501423968.jpg,0
data/shakecam/shakeshack-1501424270.jpg,7
data/shakecam/shakeshack-1501424571.jpg,5
data/shakecam/shakeshack-1501424871.jpg,3
data/shakecam/shakeshack-1501425172.jpg,9
data/shakecam/shakeshack-1501425473.jpg,6
data/shakecam/shakeshack-1501425773.jpg,8
data/shakecam/shakeshack-1501426074.jpg,7
data/shakecam/shakeshack-1501426375.jpg,7
data/shakecam/shakeshack-1501426976.jpg,6
data/shakecam/shakeshack-1501427276.jpg,16
data/shakecam/shakeshack-1501427577.jpg,17
data/shakecam/shakeshack-1501427877.jpg,12
data/shakecam/shakeshack-1501428178.jpg,25
data/shakecam/shakeshack-1501428479.jpg,12
data/shakecam/shakeshack-1501428779.jpg,20
data/shakecam/shakeshack-1501429080.jpg,21
data/shakecam/shakeshack-1501429681.jpg,18
data/shakecam/shakeshack-1501429982.jpg,15
data/shakecam/shakeshack-1501430282.jpg,28
data/shakecam/shakeshack-1501430583.jpg,23
data/shakecam/shakeshack-1501430883.jpg,15
data/shakecam/shakeshack-1501431184.jpg,10
data/shakecam/shakeshack-1501431484.jpg,18
data/shakecam/shakeshack-1501431785.jpg,22
data/shakecam/shakeshack-1501432386.jpg,70
data/shakecam/shakeshack-1501432687.jpg,18
data/shakecam/shakeshack-1501432988.jpg,43
data/shakecam/shakeshack-1501433289.jpg,42
data/shakecam/shakeshack-1501433590.jpg,52
data/shakecam/shakeshack-1501433890.jpg,56
data/shakecam/shakeshack-1501434191.jpg,49
data/shakecam/shakeshack-1501434492.jpg,38
data/shakecam/shakeshack-1501434792.jpg,24
data/shakecam/shakeshack-1501435093.jpg,26
data/shakecam/shakeshack-1501435393.jpg,46
data/shakecam/shakeshack-1501435694.jpg,20
data/shakecam/shakeshack-1501435995.jpg,41
data/shakecam/shakeshack-1501436295.jpg,43
data/shakecam/shakeshack-1501436596.jpg,70
data/shakecam/shakeshack-1501436897.jpg,35
data/shakecam/shakeshack-1501437197.jpg,34
data/shakecam/shakeshack-1501437498.jpg,58
data/shakecam/shakeshack-1501437799.jpg,45
data/shakecam/shakeshack-1501438099.jpg,20
data/shakecam/shakeshack-1501438400.jpg,38
data/shakecam/shakeshack-1501438701.jpg,36
data/shakecam/shakeshack-1501439002.jpg,84
data/shakecam/shakeshack-1501439302.jpg,56
data/shakecam/shakeshack-1501439603.jpg,40
data/shakecam/shakeshack-1501439903.jpg,35
data/shakecam/shakeshack-1501440204.jpg,20
data/shakecam/shakeshack-1501440505.jpg,50
data/shakecam/shakeshack-1501440805.jpg,70
data/shakecam/shakeshack-1501441106.jpg,43
data/shakecam/shakeshack-1501441406.jpg,36
data/shakecam/shakeshack-1501441707.jpg,36
data/shakecam/shakeshack-1501442007.jpg,33
data/shakecam/shakeshack-1501442309.jpg,15
data/shakecam/shakeshack-1501442609.jpg,20
data/shakecam/shakeshack-1501442910.jpg,20
data/shakecam/shakeshack-1501443512.jpg,23
data/shakecam/shakeshack-1501443812.jpg,50
data/shakecam/shakeshack-1501444113.jpg,27
data/shakecam/shakeshack-1501444414.jpg,50
data/shakecam/shakeshack-1501444714.jpg,40
data/shakecam/shakeshack-1501445015.jpg,41
data/shakecam/shakeshack-1501445617.jpg,35
data/shakecam/shakeshack-1501445917.jpg,42
data/shakecam/shakeshack-1501446218.jpg,48
data/shakecam/shakeshack-1501446519.jpg,80
data/shakecam/shakeshack-1501446820.jpg,40
data/shakecam/shakeshack-1501447120.jpg,36
data/shakecam/shakeshack-1501447421.jpg,38
data/shakecam/shakeshack-1501447722.jpg,20
data/shakecam/shakeshack-1501448022.jpg,25
data/shakecam/shakeshack-1501448323.jpg,20
data/shakecam/shakeshack-1501448624.jpg,20
data/shakecam/shakeshack-1501448924.jpg,4
data/shakecam/shakeshack-1501449225.jpg,7
data/shakecam/shakeshack-1501449526.jpg,7
data/shakecam/shakeshack-1501449826.jpg,16
data/shakecam/shakeshack-1501450127.jpg,16
data/shakecam/shakeshack-1501450428.jpg,13
data/shakecam/shakeshack-1501450728.jpg,12
data/shakecam/shakeshack-1501451029.jpg,6
data/shakecam/shakeshack-1501451329.jpg,9
data/shakecam/shakeshack-1501451630.jpg,5
data/shakecam/shakeshack-1501451931.jpg,4
data/shakecam/shakeshack-1501452231.jpg,10
data/shakecam/shakeshack-1501452532.jpg,20
data/shakecam/shakeshack-1501452834.jpg,12
data/shakecam/shakeshack-1501453134.jpg,16
data/shakecam/shakeshack-1501453435.jpg,28
data/shakecam/shakeshack-1501453736.jpg,23
data/shakecam/shakeshack-1501454036.jpg,32
data/shakecam/shakeshack-1501454337.jpg,25
data/shakecam/shakeshack-1501454637.jpg,31
data/shakecam/shakeshack-1501454938.jpg,45
data/shakecam/shakeshack-1501455239.jpg,27
data/shakecam/shakeshack-1501455539.jpg,36
data/shakecam/shakeshack-1501455840.jpg,41
data/shakecam/shakeshack-1501456140.jpg,43
data/shakecam/shakeshack-1501456441.jpg,44
data/shakecam/shakeshack-1501456742.jpg,52
data/shakecam/shakeshack-1501457042.jpg,34
data/shakecam/shakeshack-1501457343.jpg,37
data/shakecam/shakeshack-1501457644.jpg,42
data/shakecam/shakeshack-1501457944.jpg,42
data/shakecam/shakeshack-1501458245.jpg,54
data/shakecam/shakeshack-1501458545.jpg,42
data/shakecam/shakeshack-1501458846.jpg,35
data/shakecam/shakeshack-1501459147.jpg,42
data/shakecam/shakeshack-1501459447.jpg,56
data/shakecam/shakeshack-1501459748.jpg,62
data/shakecam/shakeshack-1501460049.jpg,41
data/shakecam/shakeshack-1501460349.jpg,40
data/shakecam/shakeshack-1501460650.jpg,57
data/shakecam/shakeshack-1501460951.jpg,46
data/shakecam/shakeshack-1501461251.jpg,29
data/shakecam/shakeshack-1501461552.jpg,37
data/shakecam/shakeshack-1501462153.jpg,25
data/shakecam/shakeshack-1501462453.jpg,18
data/shakecam/shakeshack-1501462754.jpg,65
data/shakecam/shakeshack-1501463055.jpg,33
data/shakecam/shakeshack-1501463355.jpg,39
data/shakecam/shakeshack-1501463656.jpg,34
data/shakecam/shakeshack-1501463957.jpg,65
data/shakecam/shakeshack-1501464257.jpg,100
data/shakecam/shakeshack-1501464858.jpg,42
data/shakecam/shakeshack-1501465159.jpg,35
data/shakecam/shakeshack-1501465459.jpg,50
data/shakecam/shakeshack-1501465760.jpg,28
data/shakecam/shakeshack-1501466061.jpg,30
data/shakecam/shakeshack-1501466361.jpg,15
data/shakecam/shakeshack-1501466661.jpg,1
data/shakecam/shakeshack-1501466962.jpg,17
data/shakecam/shakeshack-1501467263.jpg,14
data/shakecam/shakeshack-1501467563.jpg,0
data/shakecam/shakeshack-1501467864.jpg,2
data/shakecam/shakeshack-1501468165.jpg,0
data/shakecam/shakeshack-1501468465.jpg,5
data/shakecam/shakeshack-1501468766.jpg,4
data/shakecam/shakeshack-1501469067.jpg,0
data/shakecam/shakeshack-1501469367.jpg,2
data/shakecam/shakeshack-1501469668.jpg,0
data/shakecam/shakeshack-1501469968.jpg,1
data/shakecam/shakeshack-1501470269.jpg,1
data/shakecam/shakeshack-1501470570.jpg,0
data/shakecam/shakeshack-1501470870.jpg,0
data/shakecam/shakeshack-1501471171.jpg,0
data/shakecam/shakeshack-1501471472.jpg,0
data/shakecam/shakeshack-1501471772.jpg,0
data/shakecam/shakeshack-1501472073.jpg,0
data/shakecam/shakeshack-1501472374.jpg,0
data/shakecam/shakeshack-1501472674.jpg,0
data/shakecam/shakeshack-1501472975.jpg,0
data/shakecam/shakeshack-1501473275.jpg,0
data/shakecam/shakeshack-1501473576.jpg,0
data/shakecam/shakeshack-1501509661.jpg,0
data/shakecam/shakeshack-1501509961.jpg,2
data/shakecam/shakeshack-1501510262.jpg,0
data/shakecam/shakeshack-1501510563.jpg,1
data/shakecam/shakeshack-1501510864.jpg,0
data/shakecam/shakeshack-1501511165.jpg,0
data/shakecam/shakeshack-1501511465.jpg,0
data/shakecam/shakeshack-1501511766.jpg,0
data/shakecam/shakeshack-1501512066.jpg,0
data/shakecam/shakeshack-1501512367.jpg,2
data/shakecam/shakeshack-1501512667.jpg,0
data/shakecam/shakeshack-1501512968.jpg,3
data/shakecam/shakeshack-1501513269.jpg,4
data/shakecam/shakeshack-1501513569.jpg,5
data/shakecam/shakeshack-1501514170.jpg,2
data/shakecam/shakeshack-1501514471.jpg,3
data/shakecam/shakeshack-1501514772.jpg,6
data/shakecam/shakeshack-1501515072.jpg,4
data/shakecam/shakeshack-1501515373.jpg,1
data/shakecam/shakeshack-1501515674.jpg,8
data/shakecam/shakeshack-1501515974.jpg,8
data/shakecam/shakeshack-1501516576.jpg,14
data/shakecam/shakeshack-1501516876.jpg,10
data/shakecam/shakeshack-1501517177.jpg,15
data/shakecam/shakeshack-1501517477.jpg,21
data/shakecam/shakeshack-1501517778.jpg,18
data/shakecam/shakeshack-1501518079.jpg,32
data/shakecam/shakeshack-1501518380.jpg,22
data/shakecam/shakeshack-1501518681.jpg,26
data/shakecam/shakeshack-1501518981.jpg,18
data/shakecam/shakeshack-1501519282.jpg,15
data/shakecam/shakeshack-1501519582.jpg,16
data/shakecam/shakeshack-1501519883.jpg,16
data/shakecam/shakeshack-1501520184.jpg,13
data/shakecam/shakeshack-1501520485.jpg,6
data/shakecam/shakeshack-1501520785.jpg,11
data/shakecam/shakeshack-1501521086.jpg,14
data/shakecam/shakeshack-1501521387.jpg,17
data/shakecam/shakeshack-1501521688.jpg,18
data/shakecam/shakeshack-1501521988.jpg,19
data/shakecam/shakeshack-1501522289.jpg,15
data/shakecam/shakeshack-1501522590.jpg,16
data/shakecam/shakeshack-1501522890.jpg,23
data/shakecam/shakeshack-1501523191.jpg,5
data/shakecam/shakeshack-1501523492.jpg,7
data/shakecam/shakeshack-1501523792.jpg,11
data/shakecam/shakeshack-1501524093.jpg,8
data/shakecam/shakeshack-1501524393.jpg,16
data/shakecam/shakeshack-1501524694.jpg,12
data/shakecam/shakeshack-1501524995.jpg,11
data/shakecam/shakeshack-1501525596.jpg,1
data/shakecam/shakeshack-1501525897.jpg,12
data/shakecam/shakeshack-1501526198.jpg,10
data/shakecam/shakeshack-1501526498.jpg,9
data/shakecam/shakeshack-1501526799.jpg,10
data/shakecam/shakeshack-1501527099.jpg,2
data/shakecam/shakeshack-1501527400.jpg,9
data/shakecam/shakeshack-1501527701.jpg,2
data/shakecam/shakeshack-1501528001.jpg,11
data/shakecam/shakeshack-1501528302.jpg,5
data/shakecam/shakeshack-1501528604.jpg,30
data/shakecam/shakeshack-1501528904.jpg,12
data/shakecam/shakeshack-1501529205.jpg,8
data/shakecam/shakeshack-1501529505.jpg,1
data/shakecam/shakeshack-1501529806.jpg,2
data/shakecam/shakeshack-1501530106.jpg,5
data/shakecam/shakeshack-1501530407.jpg,5
data/shakecam/shakeshack-1501530708.jpg,9
data/shakecam/shakeshack-1501531009.jpg,5
data/shakecam/shakeshack-1501531309.jpg,15
data/shakecam/shakeshack-1501531610.jpg,20
data/shakecam/shakeshack-1501531911.jpg,3
data/shakecam/shakeshack-1501532211.jpg,3
data/shakecam/shakeshack-1501532512.jpg,1
data/shakecam/shakeshack-1501532813.jpg,5
data/shakecam/shakeshack-1501533113.jpg,11
data/shakecam/shakeshack-1501533414.jpg,13
data/shakecam/shakeshack-1501533715.jpg,13
data/shakecam/shakeshack-1501534015.jpg,1
data/shakecam/shakeshack-1501534316.jpg,7
data/shakecam/shakeshack-1501534617.jpg,5
data/shakecam/shakeshack-1501534918.jpg,4
data/shakecam/shakeshack-1501535219.jpg,3
data/shakecam/shakeshack-1501535520.jpg,0
data/shakecam/shakeshack-1501535821.jpg,5
data/shakecam/shakeshack-1501536422.jpg,9
data/shakecam/shakeshack-1501536722.jpg,5
data/shakecam/shakeshack-1501537023.jpg,3
data/shakecam/shakeshack-1501537324.jpg,2
data/shakecam/shakeshack-1501537624.jpg,5
data/shakecam/shakeshack-1501537928.jpg,3
data/shakecam/shakeshack-1501538228.jpg,3
data/shakecam/shakeshack-1501538529.jpg,3
data/shakecam/shakeshack-1501538830.jpg,3
data/shakecam/shakeshack-1501539130.jpg,15
data/shakecam/shakeshack-1501539431.jpg,27
data/shakecam/shakeshack-1501539731.jpg,36
data/shakecam/shakeshack-1501540032.jpg,31
data/shakecam/shakeshack-1501540333.jpg,28
data/shakecam/shakeshack-1501540634.jpg,20
data/shakecam/shakeshack-1501540934.jpg,14
data/shakecam/shakeshack-1501541235.jpg,20
data/shakecam/shakeshack-1501541535.jpg,32
data/shakecam/shakeshack-1501541838.jpg,26
data/shakecam/shakeshack-1501542141.jpg,32
data/shakecam/shakeshack-1501542441.jpg,40
data/shakecam/shakeshack-1501542742.jpg,19
data/shakecam/shakeshack-1501543043.jpg,33
data/shakecam/shakeshack-1501543343.jpg,41
data/shakecam/shakeshack-1501543644.jpg,37
data/shakecam/shakeshack-1501543945.jpg,36
data/shakecam/shakeshack-1501544245.jpg,38
data/shakecam/shakeshack-1501544546.jpg,28
data/shakecam/shakeshack-1501544846.jpg,35
data/shakecam/shakeshack-1501545147.jpg,55
data/shakecam/shakeshack-1501545449.jpg,34
data/shakecam/shakeshack-1501545750.jpg,25
data/shakecam/shakeshack-1501546051.jpg,31
data/shakecam/shakeshack-1501546352.jpg,42
data/shakecam/shakeshack-1501546653.jpg,40
data/shakecam/shakeshack-1501546954.jpg,22
data/shakecam/shakeshack-1501547255.jpg,30
data/shakecam/shakeshack-1501547555.jpg,27
data/shakecam/shakeshack-1501547856.jpg,23
data/shakecam/shakeshack-1501548157.jpg,19
data/shakecam/shakeshack-1501548457.jpg,22
data/shakecam/shakeshack-1501548758.jpg,16
data/shakecam/shakeshack-1501549059.jpg,26
data/shakecam/shakeshack-1501549362.jpg,16
data/shakecam/shakeshack-1501549662.jpg,17
data/shakecam/shakeshack-1501549963.jpg,22
data/shakecam/shakeshack-1501550264.jpg,18
data/shakecam/shakeshack-1501550565.jpg,26
data/shakecam/shakeshack-1501550865.jpg,13
data/shakecam/shakeshack-1501551166.jpg,14
data/shakecam/shakeshack-1501551466.jpg,9
data/shakecam/shakeshack-1501551767.jpg,11
data/shakecam/shakeshack-1501552068.jpg,1
data/shakecam/shakeshack-1501552369.jpg,9
data/shakecam/shakeshack-1501552669.jpg,3
data/shakecam/shakeshack-1501552969.jpg,11
data/shakecam/shakeshack-1501553270.jpg,7
data/shakecam/shakeshack-1501553570.jpg,13
data/shakecam/shakeshack-1501553871.jpg,11
data/shakecam/shakeshack-1501554172.jpg,6
data/shakecam/shakeshack-1501554473.jpg,0
data/shakecam/shakeshack-1501554773.jpg,3
data/shakecam/shakeshack-1501555074.jpg,6
data/shakecam/shakeshack-1501555374.jpg,5
data/shakecam/shakeshack-1501555676.jpg,6
data/shakecam/shakeshack-1501555976.jpg,16
data/shakecam/shakeshack-1501556577.jpg,12
data/shakecam/shakeshack-1501556878.jpg,1
data/shakecam/shakeshack-1501557179.jpg,1
data/shakecam/shakeshack-1501557480.jpg,0
data/shakecam/shakeshack-1501557780.jpg,0
data/shakecam/shakeshack-1501558081.jpg,0
data/shakecam/shakeshack-1501558382.jpg,0
data/shakecam/shakeshack-1501558683.jpg,0
data/shakecam/shakeshack-1501558983.jpg,0
data/shakecam/shakeshack-1501559284.jpg,0
data/shakecam/shakeshack-1501559585.jpg,0
data/shakecam/shakeshack-1501559886.jpg,0
data/shakecam/shakeshack-1501596274.jpg,2
data/shakecam/shakeshack-1501596875.jpg,2
data/shakecam/shakeshack-1501597175.jpg,0
data/shakecam/shakeshack-1501597476.jpg,0
data/shakecam/shakeshack-1501597777.jpg,0
data/shakecam/shakeshack-1501598077.jpg,1
data/shakecam/shakeshack-1501598378.jpg,0
data/shakecam/shakeshack-1501598678.jpg,0
data/shakecam/shakeshack-1501598979.jpg,0
data/shakecam/shakeshack-1501599280.jpg,2
data/shakecam/shakeshack-1501599580.jpg,3
data/shakecam/shakeshack-1501599881.jpg,2
data/shakecam/shakeshack-1501600182.jpg,6
data/shakecam/shakeshack-1501600482.jpg,17
data/shakecam/shakeshack-1501600783.jpg,10
data/shakecam/shakeshack-1501601084.jpg,12
data/shakecam/shakeshack-1501601384.jpg,7
data/shakecam/shakeshack-1501601685.jpg,6
data/shakecam/shakeshack-1501601986.jpg,19
data/shakecam/shakeshack-1501602286.jpg,15
data/shakecam/shakeshack-1501602587.jpg,4
data/shakecam/shakeshack-1501602888.jpg,10
data/shakecam/shakeshack-1501603188.jpg,5
data/shakecam/shakeshack-1501603489.jpg,18
data/shakecam/shakeshack-1501603790.jpg,16
data/shakecam/shakeshack-1501604091.jpg,21
data/shakecam/shakeshack-1501604391.jpg,15
data/shakecam/shakeshack-1501604692.jpg,24
data/shakecam/shakeshack-1501604993.jpg,16
data/shakecam/shakeshack-1501605294.jpg,45
data/shakecam/shakeshack-1501605594.jpg,35
data/shakecam/shakeshack-1501606195.jpg,44
data/shakecam/shakeshack-1501606496.jpg,20
data/shakecam/shakeshack-1501606796.jpg,28
data/shakecam/shakeshack-1501607097.jpg,20
data/shakecam/shakeshack-1501607400.jpg,25
data/shakecam/shakeshack-1501607701.jpg,16
data/shakecam/shakeshack-1501608002.jpg,19
data/shakecam/shakeshack-1501608302.jpg,15
data/shakecam/shakeshack-1501608603.jpg,38
data/shakecam/shakeshack-1501608904.jpg,23
data/shakecam/shakeshack-1501609204.jpg,17
data/shakecam/shakeshack-1501609806.jpg,4
data/shakecam/shakeshack-1501610107.jpg,2
data/shakecam/shakeshack-1501610407.jpg,16
data/shakecam/shakeshack-1501610708.jpg,11
data/shakecam/shakeshack-1501611008.jpg,32
data/shakecam/shakeshack-1501611611.jpg,21
data/shakecam/shakeshack-1501611912.jpg,24
data/shakecam/shakeshack-1501612212.jpg,25
data/shakecam/shakeshack-1501612513.jpg,20
data/shakecam/shakeshack-1501612814.jpg,13
data/shakecam/shakeshack-1501613114.jpg,9
data/shakecam/shakeshack-1501613415.jpg,4
data/shakecam/shakeshack-1501613716.jpg,2
data/shakecam/shakeshack-1501614017.jpg,3
data/shakecam/shakeshack-1501614317.jpg,5
data/shakecam/shakeshack-1501614618.jpg,9
data/shakecam/shakeshack-1501614919.jpg,7
data/shakecam/shakeshack-1501615219.jpg,4
data/shakecam/shakeshack-1501615520.jpg,1
data/shakecam/shakeshack-1501615821.jpg,2
data/shakecam/shakeshack-1501616121.jpg,7
data/shakecam/shakeshack-1501616422.jpg,7
data/shakecam/shakeshack-1501616723.jpg,11
data/shakecam/shakeshack-1501617025.jpg,1
data/shakecam/shakeshack-1501617325.jpg,8
data/shakecam/shakeshack-1501617626.jpg,6
data/shakecam/shakeshack-1501617927.jpg,6
data/shakecam/shakeshack-1501618227.jpg,6
data/shakecam/shakeshack-1501618528.jpg,6
data/shakecam/shakeshack-1501618829.jpg,4
data/shakecam/shakeshack-1501619130.jpg,6
data/shakecam/shakeshack-1501619430.jpg,3
data/shakecam/shakeshack-1501619731.jpg,5
data/shakecam/shakeshack-1501620032.jpg,3
data/shakecam/shakeshack-1501620333.jpg,7
data/shakecam/shakeshack-1501620634.jpg,10
data/shakecam/shakeshack-1501620935.jpg,3
data/shakecam/shakeshack-1501621235.jpg,4
data/shakecam/shakeshack-1501621536.jpg,8
data/shakecam/shakeshack-1501621837.jpg,6
data/shakecam/shakeshack-1501622137.jpg,21
data/shakecam/shakeshack-1501622438.jpg,24
data/shakecam/shakeshack-1501622739.jpg,23
data/shakecam/shakeshack-1501623040.jpg,20
data/shakecam/shakeshack-1501623341.jpg,9
data/shakecam/shakeshack-1501623641.jpg,11
data/shakecam/shakeshack-1501623942.jpg,1
data/shakecam/shakeshack-1501624242.jpg,5
data/shakecam/shakeshack-1501624543.jpg,11
data/shakecam/shakeshack-1501624843.jpg,15
data/shakecam/shakeshack-1501625144.jpg,31
data/shakecam/shakeshack-1501625445.jpg,33
data/shakecam/shakeshack-1501625745.jpg,21
data/shakecam/shakeshack-1501626046.jpg,21
data/shakecam/shakeshack-1501626347.jpg,28
data/shakecam/shakeshack-1501626647.jpg,16
data/shakecam/shakeshack-1501626948.jpg,28
data/shakecam/shakeshack-1501627249.jpg,25
data/shakecam/shakeshack-1501627549.jpg,12
data/shakecam/shakeshack-1501627850.jpg,8
data/shakecam/shakeshack-1501628151.jpg,16
data/shakecam/shakeshack-1501628451.jpg,8
data/shakecam/shakeshack-1501628752.jpg,10
data/shakecam/shakeshack-1501629053.jpg,25
data/shakecam/shakeshack-1501629353.jpg,32
data/shakecam/shakeshack-1501629654.jpg,13
data/shakecam/shakeshack-1501629956.jpg,29
data/shakecam/shakeshack-1501630257.jpg,28
data/shakecam/shakeshack-1501630557.jpg,30
data/shakecam/shakeshack-1501630858.jpg,40
data/shakecam/shakeshack-1501631159.jpg,31
data/shakecam/shakeshack-1501631459.jpg,31
data/shakecam/shakeshack-1501631760.jpg,21
data/shakecam/shakeshack-1501632061.jpg,31
data/shakecam/shakeshack-1501632361.jpg,40
data/shakecam/shakeshack-1501632962.jpg,27
data/shakecam/shakeshack-1501633263.jpg,22
data/shakecam/shakeshack-1501633564.jpg,10
data/shakecam/shakeshack-1501633864.jpg,38
data/shakecam/shakeshack-1501634466.jpg,32
data/shakecam/shakeshack-1501634766.jpg,38
data/shakecam/shakeshack-1501635067.jpg,24
data/shakecam/shakeshack-1501635368.jpg,28
data/shakecam/shakeshack-1501635668.jpg,25
data/shakecam/shakeshack-1501635969.jpg,28
data/shakecam/shakeshack-1501636270.jpg,39
data/shakecam/shakeshack-1501636570.jpg,25
data/shakecam/shakeshack-1501636871.jpg,22
data/shakecam/shakeshack-1501637472.jpg,32
data/shakecam/shakeshack-1501637773.jpg,30
data/shakecam/shakeshack-1501638073.jpg,18
data/shakecam/shakeshack-1501638374.jpg,45
data/shakecam/shakeshack-1501638675.jpg,14
data/shakecam/shakeshack-1501638975.jpg,0
data/shakecam/shakeshack-1501639276.jpg,2
data/shakecam/shakeshack-1501639576.jpg,7
data/shakecam/shakeshack-1501639877.jpg,11
data/shakecam/shakeshack-1501640178.jpg,17
data/shakecam/shakeshack-1501640479.jpg,9
data/shakecam/shakeshack-1501640779.jpg,6
data/shakecam/shakeshack-1501641081.jpg,8
data/shakecam/shakeshack-1501641381.jpg,19
data/shakecam/shakeshack-1501641682.jpg,12
data/shakecam/shakeshack-1501641983.jpg,3
data/shakecam/shakeshack-1501642283.jpg,2
data/shakecam/shakeshack-1501642584.jpg,4
data/shakecam/shakeshack-1501642884.jpg,0
data/shakecam/shakeshack-1501643185.jpg,0
data/shakecam/shakeshack-1501643486.jpg,0
data/shakecam/shakeshack-1501643786.jpg,3
data/shakecam/shakeshack-1501644087.jpg,0
data/shakecam/shakeshack-1501644388.jpg,0
data/shakecam/shakeshack-1501644688.jpg,0
data/shakecam/shakeshack-1501644989.jpg,0
data/shakecam/shakeshack-1501645290.jpg,0
data/shakecam/shakeshack-1501645590.jpg,0
data/shakecam/shakeshack-1501645891.jpg,0
data/shakecam/shakeshack-1501646192.jpg,0
data/shakecam/shakeshack-1501682578.jpg,4
data/shakecam/shakeshack-1501683180.jpg,0
data/shakecam/shakeshack-1501683480.jpg,0
data/shakecam/shakeshack-1501683781.jpg,2
data/shakecam/shakeshack-1501684081.jpg,5
data/shakecam/shakeshack-1501684382.jpg,2
data/shakecam/shakeshack-1501684683.jpg,4
data/shakecam/shakeshack-1501684983.jpg,1
data/shakecam/shakeshack-1501685284.jpg,2
data/shakecam/shakeshack-1501685585.jpg,1
data/shakecam/shakeshack-1501685885.jpg,0
data/shakecam/shakeshack-1501686186.jpg,0
data/shakecam/shakeshack-1501686487.jpg,1
data/shakecam/shakeshack-1501686788.jpg,0
data/shakecam/shakeshack-1501687088.jpg,2
data/shakecam/shakeshack-1501687389.jpg,4
data/shakecam/shakeshack-1501687690.jpg,8
data/shakecam/shakeshack-1501687990.jpg,18
data/shakecam/shakeshack-1501688291.jpg,18
data/shakecam/shakeshack-1501688592.jpg,15
data/shakecam/shakeshack-1501688892.jpg,19
data/shakecam/shakeshack-1501689193.jpg,25
data/shakecam/shakeshack-1501689495.jpg,18
data/shakecam/shakeshack-1501689796.jpg,18
data/shakecam/shakeshack-1501690096.jpg,25
data/shakecam/shakeshack-1501690397.jpg,30
data/shakecam/shakeshack-1501690697.jpg,4
data/shakecam/shakeshack-1501690998.jpg,3
data/shakecam/shakeshack-1501691299.jpg,10
data/shakecam/shakeshack-1501691599.jpg,9
data/shakecam/shakeshack-1501691900.jpg,1
data/shakecam/shakeshack-1501692200.jpg,1
data/shakecam/shakeshack-1501692501.jpg,5
data/shakecam/shakeshack-1501692802.jpg,2
data/shakecam/shakeshack-1501693102.jpg,1
data/shakecam/shakeshack-1501693403.jpg,0
data/shakecam/shakeshack-1501693704.jpg,0
data/shakecam/shakeshack-1501694005.jpg,0
data/shakecam/shakeshack-1501694305.jpg,4
data/shakecam/shakeshack-1501694606.jpg,1
data/shakecam/shakeshack-1501694906.jpg,3
data/shakecam/shakeshack-1501695207.jpg,9
data/shakecam/shakeshack-1501695508.jpg,7
data/shakecam/shakeshack-1501695808.jpg,14
data/shakecam/shakeshack-1501696110.jpg,0
data/shakecam/shakeshack-1501696410.jpg,3
data/shakecam/shakeshack-1501696711.jpg,0
data/shakecam/shakeshack-1501697012.jpg,4
data/shakecam/shakeshack-1501697312.jpg,8
data/shakecam/shakeshack-1501697613.jpg,11
data/shakecam/shakeshack-1501697914.jpg,7
data/shakecam/shakeshack-1501698215.jpg,7
data/shakecam/shakeshack-1501698515.jpg,0
data/shakecam/shakeshack-1501698816.jpg,5
data/shakecam/shakeshack-1501699116.jpg,8
data/shakecam/shakeshack-1501699417.jpg,8
data/shakecam/shakeshack-1501699718.jpg,5
data/shakecam/shakeshack-1501700018.jpg,8
data/shakecam/shakeshack-1501700319.jpg,0
data/shakecam/shakeshack-1501700620.jpg,6
data/shakecam/shakeshack-1501700920.jpg,6
data/shakecam/shakeshack-1501701221.jpg,1
data/shakecam/shakeshack-1501701522.jpg,9
data/shakecam/shakeshack-1501701822.jpg,6
data/shakecam/shakeshack-1501702123.jpg,3
data/shakecam/shakeshack-1501702424.jpg,9
data/shakecam/shakeshack-1501702724.jpg,10
data/shakecam/shakeshack-1501703025.jpg,5
data/shakecam/shakeshack-1501703326.jpg,0
data/shakecam/shakeshack-1501703626.jpg,1
data/shakecam/shakeshack-1501703927.jpg,3
data/shakecam/shakeshack-1501704228.jpg,1
data/shakecam/shakeshack-1501704529.jpg,1
data/shakecam/shakeshack-1501704829.jpg,2
data/shakecam/shakeshack-1501705130.jpg,16
data/shakecam/shakeshack-1501705431.jpg,9
data/shakecam/shakeshack-1501705731.jpg,2
data/shakecam/shakeshack-1501706032.jpg,1
data/shakecam/shakeshack-1501706332.jpg,4
data/shakecam/shakeshack-1501706633.jpg,5
data/shakecam/shakeshack-1501706934.jpg,4
data/shakecam/shakeshack-1501707235.jpg,0
data/shakecam/shakeshack-1501707535.jpg,1
data/shakecam/shakeshack-1501707836.jpg,0
data/shakecam/shakeshack-1501708137.jpg,1
data/shakecam/shakeshack-1501708437.jpg,1
data/shakecam/shakeshack-1501708738.jpg,0
data/shakecam/shakeshack-1501709038.jpg,2
data/shakecam/shakeshack-1501709339.jpg,1
data/shakecam/shakeshack-1501709640.jpg,1
data/shakecam/shakeshack-1501709940.jpg,0
data/shakecam/shakeshack-1501710241.jpg,1
data/shakecam/shakeshack-1501710542.jpg,5
data/shakecam/shakeshack-1501710842.jpg,4
data/shakecam/shakeshack-1501711143.jpg,3
data/shakecam/shakeshack-1501711444.jpg,1
data/shakecam/shakeshack-1501711744.jpg,1
data/shakecam/shakeshack-1501712045.jpg,0
data/shakecam/shakeshack-1501712346.jpg,4
data/shakecam/shakeshack-1501712646.jpg,9
data/shakecam/shakeshack-1501712947.jpg,16
data/shakecam/shakeshack-1501713248.jpg,12
data/shakecam/shakeshack-1501713549.jpg,16
data/shakecam/shakeshack-1501713849.jpg,10
data/shakecam/shakeshack-1501714150.jpg,7
data/shakecam/shakeshack-1501714752.jpg,13
data/shakecam/shakeshack-1501715052.jpg,5
data/shakecam/shakeshack-1501715353.jpg,6
data/shakecam/shakeshack-1501715654.jpg,11
data/shakecam/shakeshack-1501715955.jpg,6
data/shakecam/shakeshack-1501716255.jpg,7
data/shakecam/shakeshack-1501716857.jpg,15
data/shakecam/shakeshack-1501717157.jpg,19
data/shakecam/shakeshack-1501717458.jpg,14
data/shakecam/shakeshack-1501717759.jpg,9
data/shakecam/shakeshack-1501718059.jpg,14
data/shakecam/shakeshack-1501718360.jpg,15
data/shakecam/shakeshack-1501718962.jpg,30
data/shakecam/shakeshack-1501719263.jpg,31
data/shakecam/shakeshack-1501719563.jpg,32
data/shakecam/shakeshack-1501719864.jpg,25
data/shakecam/shakeshack-1501720164.jpg,31
data/shakecam/shakeshack-1501720465.jpg,30
data/shakecam/shakeshack-1501720766.jpg,28
data/shakecam/shakeshack-1501721367.jpg,36
data/shakecam/shakeshack-1501721667.jpg,47
data/shakecam/shakeshack-1501721968.jpg,50
data/shakecam/shakeshack-1501722269.jpg,34
data/shakecam/shakeshack-1501722570.jpg,50
data/shakecam/shakeshack-1501722871.jpg,22
data/shakecam/shakeshack-1501723472.jpg,21
data/shakecam/shakeshack-1501723773.jpg,24
data/shakecam/shakeshack-1501724074.jpg,18
data/shakecam/shakeshack-1501724375.jpg,13
data/shakecam/shakeshack-1501724675.jpg,25
data/shakecam/shakeshack-1501724976.jpg,16
data/shakecam/shakeshack-1501725276.jpg,11
data/shakecam/shakeshack-1501725577.jpg,6
data/shakecam/shakeshack-1501725877.jpg,1
data/shakecam/shakeshack-1501726178.jpg,2
data/shakecam/shakeshack-1501726479.jpg,2
data/shakecam/shakeshack-1501726779.jpg,5
data/shakecam/shakeshack-1501727080.jpg,2
data/shakecam/shakeshack-1501727380.jpg,5
data/shakecam/shakeshack-1501727681.jpg,0
data/shakecam/shakeshack-1501728282.jpg,0
data/shakecam/shakeshack-1501728583.jpg,0
data/shakecam/shakeshack-1501728883.jpg,1
data/shakecam/shakeshack-1501729184.jpg,1
data/shakecam/shakeshack-1501729485.jpg,0
data/shakecam/shakeshack-1501729786.jpg,0
data/shakecam/shakeshack-1501730087.jpg,2
data/shakecam/shakeshack-1501730388.jpg,1
data/shakecam/shakeshack-1501730689.jpg,0
data/shakecam/shakeshack-1501730989.jpg,0
data/shakecam/shakeshack-1501731290.jpg,0
data/shakecam/shakeshack-1501731591.jpg,0
data/shakecam/shakeshack-1501731892.jpg,0
data/shakecam/shakeshack-1501731973.jpg,0
